/****** Auto generated Insert script ******/
/******Buyshop_Testing - START*****/

DISABLE Trigger ALL ON Buyshop_Testing

SET IDENTITY_INSERT [dbo].[Buyshop_Testing] ON

INSERT INTO [dbo].[Buyshop_Testing]

([Buyshop_Testing_ID],[Buyshop_Trans_Line_ID],[System_User_ID],[Category_Testing_ID],[Tested_DateTime],[Store_ID]) VALUES

(259086,235433,459215,NULL,CAST('2020-03-05 09:27:08.240' AS DATETIME),131)
,(259087,235434,459215,NULL,CAST('2020-03-05 09:27:47.253' AS DATETIME),131)
,(259088,235435,459256,NULL,CAST('2020-03-05 09:35:02.473' AS DATETIME),131)
,(259089,235436,459215,NULL,CAST('2020-03-05 09:44:57.153' AS DATETIME),131)
,(259090,235437,459215,NULL,CAST('2020-03-05 09:46:02.087' AS DATETIME),131)
,(259091,235438,459256,NULL,CAST('2020-03-05 09:46:06.497' AS DATETIME),131)
,(259092,235439,459273,NULL,CAST('2020-03-05 09:46:24.903' AS DATETIME),131)
,(259093,235440,459215,NULL,CAST('2020-03-05 09:48:15.160' AS DATETIME),131)
,(259094,235441,459215,NULL,CAST('2020-03-05 09:49:48.137' AS DATETIME),131)
,(259095,235442,459215,NULL,CAST('2020-03-05 09:50:09.540' AS DATETIME),131)
,(259096,235443,459215,NULL,CAST('2020-03-05 09:50:31.617' AS DATETIME),131)
,(259097,235444,459215,NULL,CAST('2020-03-05 09:51:18.680' AS DATETIME),131)
SET IDENTITY_INSERT [dbo].[Buyshop_Testing] OFF

ENABLE Trigger ALL ON Buyshop_Testing

/******Buyshop_Testing - END*****/

/******Buyshop_Trans_Line - START*****/

DISABLE Trigger ALL ON Buyshop_Trans_Line

SET IDENTITY_INSERT [dbo].[Buyshop_Trans_Line] ON

INSERT INTO [dbo].[Buyshop_Trans_Line]

([Buyshop_Trans_Line_ID],[Product_ID],[Item_Description],[Serial_Number],[Quantity],[Unit_Price],[Buyer_RRP],[Line_Total],[Item_Condition_ID],[Buyshop_Transaction_ID],[Consignment_value],[Consignment_Percentage],[Store_ID],[Product_Category_ID],[Product_Brand_ID],[Product_Code],[Exclusive_Cost],[Vat],[Notes],[BuyerRRPVat],[RegionalUnitCost],[RegionalRRP],[CalculatedCost],[CalculatedCostRevealed]) VALUES

(235433,278876,'','',1,40.00,69.90,40.00,4,281569,NULL,NULL,131,2631,69824,'FREEWAY CAR SPEAKERPHONE ',34.78,5.22,'r2049-loot.co.za',9.11,0.00,0.00,NULL,NULL)
,(235434,278877,'CARDIOID DYNAMIC MICROPHONE','',1,40.00,69.90,40.00,3,281569,NULL,NULL,131,1379,38021,'DM-20 ',34.78,5.22,'r130-c.c.parow, in box',9.11,0.00,0.00,NULL,NULL)
,(235435,278878,'5.0", 13MP, 16GB, BLACK','351821078101478',1,600.00,1099.90,600.00,2,281565,NULL,NULL,131,1161,22065,'GALAXY J5 (16GB), SM-J500F',521.74,78.26,'',143.46,0.00,0.00,NULL,NULL)
,(235436,278879,'SPEAKER WOOFER 3 "DRIVER 30W (PAIR)','',1,30.00,49.90,30.00,4,281571,NULL,NULL,131,2631,22064,'LGZ40 ',26.09,3.91,'without covers',6.50,0.00,0.00,NULL,NULL)
,(235437,278880,'6-INCH SUBWOOFER','',1,30.00,49.90,30.00,4,281571,NULL,NULL,131,2631,22064,'LGZ30',26.09,3.91,'without covers',6.50,0.00,0.00,NULL,NULL)
,(235438,278881,'28", LED, SMART TV: NO, FULL HD, 2, 2','41061700054',1,544.00,899.90,544.00,2,281570,NULL,NULL,131,1178,21724,'28" FHD LED TV (STY0628), STY0628',473.04,70.96,'',117.37,0.00,0.00,NULL,NULL)
,(235439,278882,'','',1,363.00,599.90,363.00,3,281566,NULL,NULL,131,1577,22065,'GALAXY FIT',315.65,47.35,'',78.24,0.00,0.00,NULL,NULL)
,(235440,278883,'','',3,5.00,9.90,15.00,3,281571,NULL,NULL,131,2639,22109,'SOUP CUPS',4.35,0.65,'',1.29,0.00,0.00,NULL,NULL)
,(235441,278884,'','',1,2.50,4.90,2.50,2,281571,NULL,NULL,131,1295,22109,'SMALL CYLINDER',2.17,0.33,'',0.63,0.00,0.00,NULL,NULL)
,(235442,278885,'','',1,2.50,4.90,2.50,2,281571,NULL,NULL,131,1295,22109,'MILK JUG (SMALL)',2.17,0.33,'',0.63,0.00,0.00,NULL,NULL)
,(235443,278886,'','',1,10.00,19.90,10.00,2,281571,NULL,NULL,131,1295,22109,'JUG',8.70,1.30,'',2.59,0.00,0.00,NULL,NULL)
,(235444,278887,'','',4,2.50,4.90,10.00,3,281571,NULL,NULL,131,2639,22109,'COLOUR MUG',2.17,0.33,'',0.63,0.00,0.00,NULL,NULL)
SET IDENTITY_INSERT [dbo].[Buyshop_Trans_Line] OFF

ENABLE Trigger ALL ON Buyshop_Trans_Line

/******Buyshop_Trans_Line - END*****/

/******Buyshop_Trans_SSB - START*****/

DISABLE Trigger ALL ON Buyshop_Trans_SSB

SET IDENTITY_INSERT [dbo].[Buyshop_Trans_SSB] ON

INSERT INTO [dbo].[Buyshop_Trans_SSB]

([Buyshop_Trans_SSB_ID],[SSB_ID],[Buyshop_Transaction_ID],[Store_ID]) VALUES

(121171,186916,281566,131)
,(121172,186917,281570,131)
SET IDENTITY_INSERT [dbo].[Buyshop_Trans_SSB] OFF

ENABLE Trigger ALL ON Buyshop_Trans_SSB

/******Buyshop_Trans_SSB - END*****/

/******Buyshop_Transaction - START*****/

DISABLE Trigger ALL ON Buyshop_Transaction

SET IDENTITY_INSERT [dbo].[Buyshop_Transaction] ON

INSERT INTO [dbo].[Buyshop_Transaction]

([Buyshop_Transaction_ID],[System_User_ID],[Created],[Transaction_Number],[Buyshop_Trans_Type_ID],[Buyshop_Trans_Status_ID],[Seller_ID],[Projected_into_Stock],[is_House_Buy],[is_Consignment],[Consignment_Type_ID],[Cashier_Session_ID],[Store_ID],[InitiationFeePaid],[Buyshop_Stage_ID],[Comments],[CCF_Funded],[Notes],[IsPawnExpress]) VALUES

(281565,459256,CAST('2020-03-05 09:07:05.350' AS DATETIME),'zMAF10503200001',1,6,400914,CAST('2020-03-12 00:00:00.000' AS DATETIME),0,0,NULL,48223,131,0,NULL,NULL,0,'',NULL)
,(281566,459273,CAST('2020-03-05 09:11:11.063' AS DATETIME),'AMEL10503200001',2,6,407674,CAST('2020-04-04 00:00:00.000' AS DATETIME),0,0,NULL,48225,131,1,NULL,NULL,0,'',NULL)
,(281567,459215,CAST('2020-03-05 09:12:29.860' AS DATETIME),'PENDING',1,1,NULL,CAST('2020-03-12 00:00:00.000' AS DATETIME),0,0,NULL,48226,131,0,NULL,NULL,NULL,NULL,NULL)
,(281568,459273,CAST('2020-03-05 09:13:35.540' AS DATETIME),'PENDING',1,1,NULL,CAST('2020-03-12 00:00:00.000' AS DATETIME),0,0,NULL,48225,131,0,NULL,NULL,NULL,NULL,NULL)
,(281569,459215,CAST('2020-03-05 09:22:41.837' AS DATETIME),'JOCT00503200001',1,6,349151,CAST('2020-03-12 00:00:00.000' AS DATETIME),0,0,NULL,48226,131,0,NULL,NULL,0,'',NULL)
,(281570,459256,CAST('2020-03-05 09:38:19.340' AS DATETIME),'zMAF10503200002',2,6,400990,CAST('2020-04-04 00:00:00.000' AS DATETIME),0,0,NULL,48223,131,1,NULL,NULL,0,'',NULL)
,(281571,459215,CAST('2020-03-05 09:43:48.933' AS DATETIME),'JOCT00503200002',1,6,269491,CAST('2020-03-12 00:00:00.000' AS DATETIME),0,0,NULL,48226,131,0,NULL,NULL,0,'',NULL)
,(281572,459256,CAST('2020-03-05 09:58:53.250' AS DATETIME),'PENDING',1,1,NULL,CAST('2020-03-12 00:00:00.000' AS DATETIME),0,0,NULL,48223,131,0,NULL,NULL,NULL,NULL,NULL)
SET IDENTITY_INSERT [dbo].[Buyshop_Transaction] OFF

ENABLE Trigger ALL ON Buyshop_Transaction

/******Buyshop_Transaction - END*****/

/******Buyshop_PhoneData - START*****/

DISABLE Trigger ALL ON Buyshop_PhoneData

SET IDENTITY_INSERT [dbo].[Buyshop_PhoneData] ON

INSERT INTO [dbo].[Buyshop_PhoneData]

([BuyshopPhoneID],[BuyshopTransLineID],[LastsimProvider],[LastCellNoUsed],[LastSimNoUsed],[CustomerCellNoForDevice]) VALUES

(42812,235435,'telkom','telkom','telkom','0740647341;telkom')
SET IDENTITY_INSERT [dbo].[Buyshop_PhoneData] OFF

ENABLE Trigger ALL ON Buyshop_PhoneData

/******Buyshop_PhoneData - END*****/

/******Cash_Book - START*****/

DISABLE Trigger ALL ON Cash_Book

SET IDENTITY_INSERT [dbo].[Cash_Book] ON

INSERT INTO [dbo].[Cash_Book]

([Cash_Book_ID],[Transaction_Date],[Source_Document_ID],[Source_Document_Type_ID],[Transaction_Type_ID],[Amount],[Cashier_Session_ID],[Tender_Type_ID],[Trading_Day_ID],[Store_ID],[Source_Document_Number],[Notes]) VALUES

(289351,CAST('2020-03-05 08:07:53.533' AS DATETIME),NULL,16,1,77265.40,48207,1,3292,131,'Carried Over Out',NULL)
,(289352,CAST('2020-03-05 08:07:53.550' AS DATETIME),NULL,16,2,77265.40,48216,1,3293,131,'Carried Over In',NULL)
,(289353,CAST('2020-03-05 08:24:27.983' AS DATETIME),9024,6,1,50.00,48216,1,3293,131,'DN0503200001',NULL)
,(289354,CAST('2020-03-05 08:30:17.077' AS DATETIME),83218,5,1,30000.00,48216,1,3293,131,'CTN0503200001',NULL)
,(289355,CAST('2020-03-05 08:30:17.077' AS DATETIME),83218,5,2,30000.00,48224,1,3293,131,'CTN0503200001',NULL)
,(289356,CAST('2020-03-05 08:55:45.887' AS DATETIME),83219,5,1,6500.00,48216,1,3293,131,'CTN0503200002',NULL)
,(289357,CAST('2020-03-05 08:55:45.887' AS DATETIME),83219,5,2,6500.00,48223,1,3293,131,'CTN0503200002',NULL)
,(289358,CAST('2020-03-05 08:56:07.463' AS DATETIME),83220,5,1,6500.00,48216,1,3293,131,'CTN0503200003',NULL)
,(289359,CAST('2020-03-05 08:56:07.463' AS DATETIME),83220,5,2,6500.00,48225,1,3293,131,'CTN0503200003',NULL)
,(289360,CAST('2020-03-05 08:56:32.233' AS DATETIME),83221,5,1,230.00,48216,1,3293,131,'CTN0503200004',NULL)
,(289361,CAST('2020-03-05 08:56:32.233' AS DATETIME),83221,5,2,230.00,48227,1,3293,131,'CTN0503200004',NULL)
,(289362,CAST('2020-03-05 09:04:48.100' AS DATETIME),83222,5,1,6500.00,48216,1,3293,131,'CTN0503200005',NULL)
,(289363,CAST('2020-03-05 09:04:48.100' AS DATETIME),83222,5,2,6500.00,48226,1,3293,131,'CTN0503200005',NULL)
,(289364,CAST('2020-03-05 09:27:51.940' AS DATETIME),NULL,1,1,80.00,48226,NULL,3293,131,'281569',NULL)
,(289365,CAST('2020-03-05 09:35:08.570' AS DATETIME),NULL,1,1,600.00,48223,NULL,3293,131,'281565',NULL)
,(289366,CAST('2020-03-05 09:49:17.913' AS DATETIME),NULL,1,1,363.00,48225,NULL,3293,131,'281566',NULL)
,(289367,CAST('2020-03-05 09:49:56.430' AS DATETIME),NULL,1,1,544.00,48223,NULL,3293,131,'281570',NULL)
,(289368,CAST('2020-03-05 09:51:52.167' AS DATETIME),NULL,1,1,100.00,48226,NULL,3293,131,'281571',NULL)
SET IDENTITY_INSERT [dbo].[Cash_Book] OFF

ENABLE Trigger ALL ON Cash_Book

/******Cash_Book - END*****/

/******Cash_Disbursement_Detail - START*****/

DISABLE Trigger ALL ON Cash_Disbursement_Detail

SET IDENTITY_INSERT [dbo].[Cash_Disbursement_Detail] ON

INSERT INTO [dbo].[Cash_Disbursement_Detail]

([Cash_Disbursement_Detail_ID],[Cash_Disbursement_ID],[Disbursement_Category_ID],[Amount],[VatExempt],[Vat]) VALUES

(9068,9024,20,50.00,0,6.52)
SET IDENTITY_INSERT [dbo].[Cash_Disbursement_Detail] OFF

ENABLE Trigger ALL ON Cash_Disbursement_Detail

/******Cash_Disbursement_Detail - END*****/

/******Cash_Disbursement - START*****/

DISABLE Trigger ALL ON Cash_Disbursement

SET IDENTITY_INSERT [dbo].[Cash_Disbursement] ON

INSERT INTO [dbo].[Cash_Disbursement]

([Cash_Disbursement_ID],[Transaction_Date],[Cashier_Session_ID],[System_User_ID],[Change_Returned],[Authorizer_ID],[Store_ID],[Extra_Info],[Disbursement_Note_No],[Trading_Day_ID],[Supplier]) VALUES

(9024,CAST('2020-03-05 08:23:51.170' AS DATETIME),48216,458987,NULL,458987,131,'shane to town','DN0503200001',3293,'cash crusaders parow')
SET IDENTITY_INSERT [dbo].[Cash_Disbursement] OFF

ENABLE Trigger ALL ON Cash_Disbursement

/******Cash_Disbursement - END*****/

/******Cash_Transfer - START*****/

DISABLE Trigger ALL ON Cash_Transfer

SET IDENTITY_INSERT [dbo].[Cash_Transfer] ON

INSERT INTO [dbo].[Cash_Transfer]

([Cash_Transfer_ID],[Transaction_Date],[From_Session],[To_Session],[Amount],[Sender_ID],[Receiver_ID],[Transfer_Note_No],[Trading_Day_ID],[Store_ID],[Authoriser_ID],[Ref_No]) VALUES

(83217,CAST('2020-03-05 08:07:53.533' AS DATETIME),48207,48216,77265.40,NULL,NULL,'Carried Over',3293,131,459149,NULL)
,(83218,CAST('2020-03-05 08:29:31.983' AS DATETIME),48216,48224,30000.00,NULL,NULL,'CTN0503200001',3293,131,458987,'ref banking ')
,(83219,CAST('2020-03-05 08:55:23.400' AS DATETIME),48216,48223,6500.00,NULL,459256,'CTN0503200002',3293,131,458987,NULL)
,(83220,CAST('2020-03-05 08:55:48.887' AS DATETIME),48216,48225,6500.00,NULL,459273,'CTN0503200003',3293,131,458987,NULL)
,(83221,CAST('2020-03-05 08:56:11.450' AS DATETIME),48216,48227,230.00,NULL,459201,'CTN0503200004',3293,131,458987,NULL)
,(83222,CAST('2020-03-05 08:56:36.060' AS DATETIME),48216,48226,6500.00,NULL,459215,'CTN0503200005',3293,131,458987,NULL)
SET IDENTITY_INSERT [dbo].[Cash_Transfer] OFF

ENABLE Trigger ALL ON Cash_Transfer

/******Cash_Transfer - END*****/

/******Cash_Up_Denomination - START*****/

DISABLE Trigger ALL ON Cash_Up_Denomination

SET IDENTITY_INSERT [dbo].[Cash_Up_Denomination] ON

INSERT INTO [dbo].[Cash_Up_Denomination]

([Cash_Up_Denomination_ID],[Denomination_ID],[Denomination_Count],[Iteration_ID],[Session_Cash_Up_ID],[Value]) VALUES

(339307,1,61,1,44075,12200.00)
,(339308,2,193,1,44075,19300.00)
,(339309,3,216,1,44075,10800.00)
,(339310,4,201,1,44075,4020.00)
,(339311,5,42,1,44075,420.00)
,(339312,6,0,1,44075,0.00)
,(339313,7,0,1,44075,0.00)
,(339314,8,478,1,44075,478.00)
,(339315,9,0,1,44075,0.00)
,(339316,10,0,1,44075,0.00)
,(339317,11,0,1,44075,0.00)
,(339318,12,0,1,44075,0.00)
,(339319,13,0,1,44075,0.00)
SET IDENTITY_INSERT [dbo].[Cash_Up_Denomination] OFF

ENABLE Trigger ALL ON Cash_Up_Denomination

/******Cash_Up_Denomination - END*****/

/******Cash_Up_Line - START*****/

DISABLE Trigger ALL ON Cash_Up_Line

SET IDENTITY_INSERT [dbo].[Cash_Up_Line] ON

INSERT INTO [dbo].[Cash_Up_Line]

([Cash_Up_Line_ID],[Cash_Up_Category_ID],[User_Amount],[System_Amount],[Session_Cash_Up_ID],[Iteration],[Store_ID]) VALUES

(147228,11,77265.40,77265.40,44075,1,1)
,(147229,12,0.00,0.00,44075,1,1)
,(147230,13,-30050.00,-30050.00,44075,1,1)
,(147231,14,47215.40,47215.40,44075,1,1)
,(147232,16,47218.00,47218.00,44075,1,1)
,(147233,17,2.60,2.60,44075,1,1)
SET IDENTITY_INSERT [dbo].[Cash_Up_Line] OFF

ENABLE Trigger ALL ON Cash_Up_Line

/******Cash_Up_Line - END*****/

/******Cashier_Session - START*****/

DISABLE Trigger ALL ON Cashier_Session

SET IDENTITY_INSERT [dbo].[Cashier_Session] ON

INSERT INTO [dbo].[Cashier_Session]

([Cashier_Session_ID],[System_User_ID],[Session_Start],[Session_End],[Trading_Day_ID],[Cash_Float_Total],[Till_Point_ID],[Session_Type_ID],[Store_ID]) VALUES

(48216,NULL,NULL,NULL,3293,NULL,1,1,131)
,(48223,459256,NULL,NULL,3293,6500.00,10,3,131)
,(48224,NULL,NULL,NULL,3293,NULL,NULL,4,131)
,(48225,459273,NULL,NULL,3293,6500.00,11,3,131)
,(48226,459215,NULL,NULL,3293,6500.00,12,3,131)
,(48227,459201,NULL,NULL,3293,230.00,2,2,131)
SET IDENTITY_INSERT [dbo].[Cashier_Session] OFF

ENABLE Trigger ALL ON Cashier_Session

/******Cashier_Session - END*****/

/******Lay_Bye_Payment - START*****/

DISABLE Trigger ALL ON Lay_Bye_Payment

SET IDENTITY_INSERT [dbo].[Lay_Bye_Payment] ON

INSERT INTO [dbo].[Lay_Bye_Payment]

([Lay_Bye_Payment_ID],[Date_Paid],[Amount_Paid],[Cashier_Session_ID],[Lay_Bye_ID],[Transferred_Source_ID],[Refunded]) VALUES

(39078,CAST('2020-03-05 09:42:48.013' AS DATETIME),1599.90,48227,29555,NULL,NULL)
SET IDENTITY_INSERT [dbo].[Lay_Bye_Payment] OFF

ENABLE Trigger ALL ON Lay_Bye_Payment

/******Lay_Bye_Payment - END*****/

/******Product_Brand - START*****/

DISABLE Trigger ALL ON Product_Brand

SET IDENTITY_INSERT [dbo].[Product_Brand] ON

INSERT INTO [dbo].[Product_Brand]

([Product_Brand_ID],[Description],[Approved],[Category_Filter_ID],[Uploaded],[Master_Make_ID],[ItemMonsterAssociationId]) VALUES

(69824,'JABRA',0,NULL,NULL,NULL,NULL)
SET IDENTITY_INSERT [dbo].[Product_Brand] OFF

ENABLE Trigger ALL ON Product_Brand

/******Product_Brand - END*****/

/******Product - START*****/

DISABLE Trigger ALL ON Product

SET IDENTITY_INSERT [dbo].[Product] ON

INSERT INTO [dbo].[Product]

([Product_ID],[Product_Code],[Product_Category_ID],[Product_Brand_ID],[Description],[Third_Descriptor],[Accessories_List],[New_Warranty_Period_ID],[2nd_Warranty_Period_ID],[Last_Par_Level],[HQ_Product_ID],[Store_ID],[Pilot_Bar_Code],[Active],[HODisabled],[Uploaded],[Master_Replacement_ID],[HQ_Processed],[Store_ReProcessed],[ForHQReview],[Created],[System_User_ID],[Master_Product_ID],[LowMargin],[LowMarginStart],[LowMarginEnd],[RegionalRanking_ID],[NationalRanking_ID],[Master_Supplier_ID],[ItemMonsterId],[InstantExchange]) VALUES

(278876,'FREEWAY CAR SPEAKERPHONE ',2631,69824,'',NULL,NULL,5,4,0,NULL,0,NULL,0,NULL,NULL,NULL,NULL,NULL,0,CAST('2020-03-05 09:27:08.160' AS DATETIME),459215,NULL,NULL,NULL,NULL,NULL,NULL,NULL,NULL,0)
,(278877,'DM-20 ',1379,38021,'CARDIOID DYNAMIC MICROPHONE',NULL,NULL,5,4,0,NULL,0,NULL,0,NULL,NULL,NULL,NULL,NULL,0,CAST('2020-03-05 09:27:47.207' AS DATETIME),459215,NULL,NULL,NULL,NULL,NULL,NULL,NULL,NULL,0)
,(278878,'GALAXY J5 ,SM-J500F',1161,22065,'5.0 ,13MP ,16GB ,BLACK',NULL,NULL,5,4,0,NULL,0,NULL,0,NULL,NULL,NULL,NULL,NULL,0,CAST('2018-10-09 09:46:52.930' AS DATETIME),459215,NULL,NULL,NULL,NULL,NULL,NULL,NULL,150623,0)
,(278879,'LGZ40 ',2631,22064,'SPEAKER WOOFER 3 "DRIVER 30W (PAIR)',NULL,NULL,5,4,0,NULL,0,NULL,0,NULL,NULL,NULL,NULL,NULL,0,CAST('2020-03-05 09:44:57.107' AS DATETIME),459215,NULL,NULL,NULL,NULL,NULL,NULL,NULL,NULL,0)
,(278880,'LGZ30',2631,22064,'6-INCH SUBWOOFER',NULL,NULL,5,4,0,NULL,0,NULL,0,NULL,NULL,NULL,NULL,NULL,0,CAST('2020-03-05 09:46:02.040' AS DATETIME),459215,NULL,NULL,NULL,NULL,NULL,NULL,NULL,NULL,0)
,(278881,'STY0628',1178,21724,'28" ,LED ,SMART TV: NO ,HD READY ,2 ,2',NULL,NULL,5,4,0,NULL,0,NULL,0,NULL,NULL,NULL,NULL,NULL,0,CAST('2019-05-16 13:59:39.570' AS DATETIME),459044,NULL,NULL,NULL,NULL,NULL,NULL,NULL,150917,0)
,(278882,'GALAXY FIT',1577,22065,'',NULL,NULL,5,4,0,NULL,0,NULL,0,NULL,NULL,NULL,NULL,NULL,0,CAST('2020-03-05 09:46:24.827' AS DATETIME),459273,NULL,NULL,NULL,NULL,NULL,NULL,NULL,NULL,0)
,(278883,'SOUP CUPS',2639,22109,'',NULL,NULL,5,4,0,NULL,0,NULL,0,NULL,NULL,NULL,NULL,NULL,0,CAST('2020-03-05 09:48:15.127' AS DATETIME),459215,NULL,NULL,NULL,NULL,NULL,NULL,NULL,NULL,0)
,(278884,'SMALL CYLINDER',1295,22109,'',NULL,NULL,5,4,0,NULL,0,NULL,0,NULL,NULL,NULL,NULL,NULL,0,CAST('2020-03-05 09:49:48.120' AS DATETIME),459215,NULL,NULL,NULL,NULL,NULL,NULL,NULL,NULL,0)
,(278885,'MILK JUG (SMALL)',1295,22109,'',NULL,NULL,5,4,0,NULL,0,NULL,0,NULL,NULL,NULL,NULL,NULL,0,CAST('2020-03-05 09:50:09.510' AS DATETIME),459215,NULL,NULL,NULL,NULL,NULL,NULL,NULL,NULL,0)
,(278886,'JUG',1295,22109,'',NULL,NULL,5,4,0,NULL,0,NULL,0,NULL,NULL,NULL,NULL,NULL,0,CAST('2020-03-05 09:50:31.587' AS DATETIME),459215,NULL,NULL,NULL,NULL,NULL,NULL,NULL,NULL,0)
,(278887,'COLOUR MUG',2639,22109,'',NULL,NULL,5,4,0,NULL,0,NULL,0,NULL,NULL,NULL,NULL,NULL,0,CAST('2020-03-05 09:51:18.633' AS DATETIME),459215,NULL,NULL,NULL,NULL,NULL,NULL,NULL,NULL,0)
SET IDENTITY_INSERT [dbo].[Product] OFF

ENABLE Trigger ALL ON Product

/******Product - END*****/

/******Repair_Note - START*****/

DISABLE Trigger ALL ON Repair_Note

SET IDENTITY_INSERT [dbo].[Repair_Note] ON

INSERT INTO [dbo].[Repair_Note]

([Repair_Note_ID],[Till_Slip_Number],[Created],[Stock_Item_ID],[Customer_ID],[Fault_Description],[Actual_Fault_ID],[Accessories],[Installer_Details],[Invoice_Number],[Repair_Cost],[Repair_Type_ID],[Repair_Item_Status_ID],[Comments],[System_User_ID],[Packaging_Type_ID],[Client_Collected],[Goods_Return_ID],[CCW_Last_Status_Date],[CCW_Last_Status],[Uploaded_CCW],[SerialNumber]) VALUES

(12681,'STORE REPAIR',CAST('2020-03-05 09:58:35.187' AS DATETIME),307728,361324,' battery',NULL,NULL,NULL,NULL,NULL,1,1,NULL,459149,1,NULL,NULL,NULL,NULL,NULL,NULL)
SET IDENTITY_INSERT [dbo].[Repair_Note] OFF

ENABLE Trigger ALL ON Repair_Note

/******Repair_Note - END*****/

/******Sales_Transaction_Line - START*****/

DISABLE Trigger ALL ON Sales_Transaction_Line

SET IDENTITY_INSERT [dbo].[Sales_Transaction_Line] ON

INSERT INTO [dbo].[Sales_Transaction_Line]

([Sale_Transaction_Line_ID],[Product_ID],[Quantity],[RPP],[Discount_Percentage],[Discount_Amount],[is_Vat],[Vat],[Sales_Transaction_ID],[Sales_Person_ID],[Serial_Number],[Discount_Authorizer_ID],[Stock_Item_ID],[Unit_Cost],[Cost_Vat],[MarketingCouponDisc],[CouponId]) VALUES

(407858,179558,1,44.90,NULL,NULL,1,5.86,293740,NULL,'',NULL,220555,25.00,3.75,0.00,0)
SET IDENTITY_INSERT [dbo].[Sales_Transaction_Line] OFF

ENABLE Trigger ALL ON Sales_Transaction_Line

/******Sales_Transaction_Line - END*****/

/******Sales_Transaction - START*****/

DISABLE Trigger ALL ON Sales_Transaction

SET IDENTITY_INSERT [dbo].[Sales_Transaction] ON

INSERT INTO [dbo].[Sales_Transaction]

([Sales_Transaction_ID],[Created],[Completed],[Cashier_Session_ID],[Discount_Percentage],[Discount_Authorizer_ID],[Transaction_Number],[Sales_Person_ID],[Client_ID],[Transaction_Total],[Vat_Total],[Vat_Percentage],[Amount_Tendered],[Sales_Transaction_Type_ID],[Sales_Status_ID],[Store_ID],[Reason],[DepositHoldExpiry],[DepositPaid]) VALUES

(293740,CAST('2020-03-05 09:43:25.507' AS DATETIME),CAST('2020-03-05 09:43:57.583' AS DATETIME),48227,NULL,NULL,'TS050320YMAB002',459299,357901,44.90,5.86,15.00,200.00,1,4,131,NULL,NULL,NULL)
SET IDENTITY_INSERT [dbo].[Sales_Transaction] OFF

ENABLE Trigger ALL ON Sales_Transaction

/******Sales_Transaction - END*****/

/******Session_Cash_Up - START*****/

DISABLE Trigger ALL ON Session_Cash_Up

SET IDENTITY_INSERT [dbo].[Session_Cash_Up] ON

INSERT INTO [dbo].[Session_Cash_Up]

([Session_Cash_Up_ID],[Cashier_Session_ID],[Iterations],[System_User_ID],[Completed],[Accepted],[Comments],[Store_ID],[Created],[IsIntermediate],[Cashup_Count]) VALUES

(44075,48216,1,458987,NULL,NULL,NULL,1,NULL,0,0)
SET IDENTITY_INSERT [dbo].[Session_Cash_Up] OFF

ENABLE Trigger ALL ON Session_Cash_Up

/******Session_Cash_Up - END*****/

/******SSB - START*****/

DISABLE Trigger ALL ON SSB

SET IDENTITY_INSERT [dbo].[SSB] ON

INSERT INTO [dbo].[SSB]

([SSB_ID],[InitiationFee],[Seller_ID],[ContractNumber],[InterestPerc],[InitiationFeePaid],[Secured_Amount],[CreationDate],[MaturityDate],[Redeemed_By],[Identity_Type_ID],[Identity_Number],[Initiated_By],[Approved_By],[Store_ID],[Interest_Amount],[Repayment_Amount],[Cashier_Session_ID],[Repayment_Date],[CCF_Funded],[AdminFeePercentage],[AdminFeeAmount],[IsInitFeePaidIn],[HoldDays],[HoldAuthorizerId],[IsPawnExpress],[InitiationFeeVat],[AdminFeeVat]) VALUES

(186915,396.35,401251,'YMAB00503200001',3.00,1,2896.50,CAST('2020-03-05 09:30:44.930' AS DATETIME),CAST('2020-04-03 00:00:00.000' AS DATETIME),NULL,2,'k',459201,459201,131,86.90,2896.50,48227,NULL,0,2.00,66.62,NULL,NULL,NULL,0,51.70,8.69)
,(186916,62.62,407674,'AMEL10503200001',3.00,1,363.00,CAST('2020-03-05 09:49:17.913' AS DATETIME),CAST('2020-04-03 00:00:00.000' AS DATETIME),NULL,1,'9505025105080',459273,459273,131,10.89,363.00,48225,NULL,0,2.00,8.35,NULL,NULL,NULL,0,8.17,1.09)
,(186917,93.84,400990,'zMAF10503200002',3.00,1,544.00,CAST('2020-03-05 09:49:56.430' AS DATETIME),CAST('2020-04-03 00:00:00.000' AS DATETIME),NULL,1,'6611205128083',459256,459256,131,16.32,544.00,48223,NULL,0,2.00,12.51,NULL,NULL,NULL,0,12.24,1.63)
SET IDENTITY_INSERT [dbo].[SSB] OFF

ENABLE Trigger ALL ON SSB

/******SSB - END*****/

/******SSB_Item - START*****/

DISABLE Trigger ALL ON SSB_Item

SET IDENTITY_INSERT [dbo].[SSB_Item] ON

INSERT INTO [dbo].[SSB_Item]

([SSB_Item_ID],[Stock_Item_ID],[SSB_ID],[Store_ID],[Capital],[Interest_Paid],[Paid_Amount],[Redeemed],[NewContractID],[Initiation_Paid],[Initiation_Owing],[Redeemed_By],[Redeemed_ID_Number],[Identity_Type_ID],[Redeemed_Date],[Buyshop_Transaction_Line_ID],[AdminFeePaid]) VALUES

(225005,263984,186915,131,2896.50,NULL,NULL,NULL,NULL,396.35,0.00,NULL,NULL,NULL,NULL,NULL,NULL)
,(225006,308001,186916,131,363.00,NULL,NULL,NULL,NULL,62.62,0.00,NULL,NULL,NULL,NULL,235439,NULL)
,(225007,308002,186917,131,544.00,NULL,NULL,NULL,NULL,93.84,0.00,NULL,NULL,NULL,NULL,235438,NULL)
SET IDENTITY_INSERT [dbo].[SSB_Item] OFF

ENABLE Trigger ALL ON SSB_Item

/******SSB_Item - END*****/

/******SSB_Payment - START*****/

DISABLE Trigger ALL ON SSB_Payment

SET IDENTITY_INSERT [dbo].[SSB_Payment] ON

INSERT INTO [dbo].[SSB_Payment]

([SSB_Payment_ID],[Payment_Date],[Amount_Paid],[Cashier_Session_ID],[SSB_ID],[Store_ID],[Vat],[SSB_Payment_Type_ID],[SSB_Item_ID]) VALUES

(459990,CAST('2020-03-05 09:30:44.930' AS DATETIME),396.35,48227,186915,131,51.70,2,NULL)
,(459991,CAST('2020-03-05 09:30:45.617' AS DATETIME),101.38,48227,145487,131,0.00,3,182976)
,(459992,CAST('2020-03-05 09:30:45.617' AS DATETIME),60.00,48227,145487,131,9.00,4,182976)
,(459993,CAST('2020-03-05 09:49:17.913' AS DATETIME),62.62,48225,186916,131,8.17,2,NULL)
,(459994,CAST('2020-03-05 09:49:56.430' AS DATETIME),93.84,48223,186917,131,12.24,2,NULL)
SET IDENTITY_INSERT [dbo].[SSB_Payment] OFF

ENABLE Trigger ALL ON SSB_Payment

/******SSB_Payment - END*****/

/******SSB_Till_Transaction_Detail - START*****/

DISABLE Trigger ALL ON SSB_Till_Transaction_Detail

SET IDENTITY_INSERT [dbo].[SSB_Till_Transaction_Detail] ON

INSERT INTO [dbo].[SSB_Till_Transaction_Detail]

([SSB_Till_Transaction_Detail_ID],[SSB_Till_Transaction_ID],[SSB_ID],[InitFeePaid],[VatOnFeePaid],[IniterestOnFeePaid],[PaidInitFee],[ProductDescription],[CapitalPaid],[InterestPaid],[isSubItem],[Serial_No],[Stock_Code],[AdminFee],[VatOnAdminFee],[SSbItemId]) VALUES

(257302,161043,186915,344.65,51.70,0.00,1,NULL,NULL,NULL,0,NULL,NULL,NULL,NULL,NULL)
,(257303,161043,145487,NULL,NULL,NULL,0,'HUAWEI P30 PRO (128GB), VOG-L29 6.4", 40MP, 128GB, AURORA',0.00,101.38,1,'863196043846809','30088465',60.00,9.00,182976)
SET IDENTITY_INSERT [dbo].[SSB_Till_Transaction_Detail] OFF

ENABLE Trigger ALL ON SSB_Till_Transaction_Detail

/******SSB_Till_Transaction_Detail - END*****/

/******SSB_Till_Transaction - START*****/

DISABLE Trigger ALL ON SSB_Till_Transaction

SET IDENTITY_INSERT [dbo].[SSB_Till_Transaction] ON

INSERT INTO [dbo].[SSB_Till_Transaction]

([SSB_Till_Transaction_ID],[Transaction_Number],[Customer_ID],[Created],[Cashier_Session_ID],[IsRedemption]) VALUES

(161043,'TS050320YMAB001',401251,CAST('2020-03-05 09:30:44.930' AS DATETIME),48227,0)
SET IDENTITY_INSERT [dbo].[SSB_Till_Transaction] OFF

ENABLE Trigger ALL ON SSB_Till_Transaction

/******SSB_Till_Transaction - END*****/

/******Stock_Item_Count - START*****/

DISABLE Trigger ALL ON Stock_Item_Count

SET IDENTITY_INSERT [dbo].[Stock_Item_Count] ON

INSERT INTO [dbo].[Stock_Item_Count]

([Stock_Item_Count_ID],[Stock_Item_ID],[Stock_Holding_Group_ID],[Stock_Count],[Store_ID]) VALUES

(729421,307998,1,1,131)
,(729422,307999,1,1,131)
,(729423,308000,1,1,131)
,(729424,307891,8,1,131)
,(729425,308001,1,1,131)
,(729426,308002,1,1,131)
,(729427,308003,1,1,131)
,(729428,308004,1,1,131)
,(729429,308005,1,1,131)
,(729430,308006,1,1,131)
,(729431,308007,1,1,131)
,(729432,308008,1,1,131)
,(729433,308009,1,1,131)
,(729434,308010,1,1,131)
,(729435,308011,1,1,131)
,(729436,308012,1,1,131)
,(729437,308013,1,1,131)
,(729438,308014,1,1,131)
,(729439,307728,3,1,131)
SET IDENTITY_INSERT [dbo].[Stock_Item_Count] OFF

ENABLE Trigger ALL ON Stock_Item_Count

/******Stock_Item_Count - END*****/

/******Stock_Item - START*****/

DISABLE Trigger ALL ON Stock_Item

SET IDENTITY_INSERT [dbo].[Stock_Item] ON

INSERT INTO [dbo].[Stock_Item]

([Stock_Item_ID],[Item_Description],[Product_ID],[Stock_Code],[Item_Stock_Type_ID],[Serial_Number],[Unit_Cost],[Stock_Holding_Group_ID],[Store_ID],[Target_Release_Date],[Source_Contract],[Consignment_Supplier_ID],[Consignment_Percentage],[Vat],[Is_Cost_Price_Inclusive],[Original_Purchase_Date],[Sales_Date],[Sales_Ex_Price],[Buyshop_Trans_Line_ID],[is_Client_Stock],[Last_Stock_Age_Change],[Last_Stock_Age_Reason],[CCF_Funded],[Locked],[Locking_User_ID],[Soiled]) VALUES

(307998,'',278876,'10113328',1,'10113328',34.78,1,131,CAST('2020-03-13 00:00:00.000' AS DATETIME),'JOCT00503200001',NULL,NULL,5.22,0,CAST('2020-03-05 00:00:00.000' AS DATETIME),NULL,NULL,235433,NULL,NULL,NULL,0,NULL,NULL,NULL)
,(307999,'CARDIOID DYNAMIC MICROPHONE',278877,'10113329',1,'10113329',34.78,1,131,CAST('2020-03-13 00:00:00.000' AS DATETIME),'JOCT00503200001',NULL,NULL,5.22,0,CAST('2020-03-05 00:00:00.000' AS DATETIME),NULL,NULL,235434,NULL,NULL,NULL,0,NULL,NULL,NULL)
,(308000,'5.0", 13MP, 16GB, BLACK',278878,'10113330',1,'351821078101478',521.74,1,131,CAST('2020-03-13 00:00:00.000' AS DATETIME),'zMAF10503200001',NULL,NULL,78.26,0,CAST('2020-03-05 00:00:00.000' AS DATETIME),NULL,NULL,235435,NULL,NULL,NULL,0,NULL,NULL,NULL)
,(308001,'',278882,'30090420',3,'30090420',363.00,1,131,CAST('2020-04-06 00:00:00.000' AS DATETIME),'AMEL10503200001',NULL,NULL,47.35,1,CAST('2020-03-05 00:00:00.000' AS DATETIME),NULL,NULL,235439,NULL,NULL,NULL,0,NULL,NULL,NULL)
,(308002,'28", LED, SMART TV: NO, FULL HD, 2, 2',278881,'30090421',3,'41061700054',544.00,1,131,CAST('2020-04-06 00:00:00.000' AS DATETIME),'zMAF10503200002',NULL,NULL,70.96,1,CAST('2020-03-05 00:00:00.000' AS DATETIME),NULL,NULL,235438,NULL,NULL,NULL,0,NULL,NULL,NULL)
,(308003,'SPEAKER WOOFER 3 "DRIVER 30W (PAIR)',278879,'10113331',1,'10113331',26.09,1,131,CAST('2020-03-13 00:00:00.000' AS DATETIME),'JOCT00503200002',NULL,NULL,3.91,0,CAST('2020-03-05 00:00:00.000' AS DATETIME),NULL,NULL,235436,NULL,NULL,NULL,0,NULL,NULL,NULL)
,(308004,'6-INCH SUBWOOFER',278880,'10113332',1,'10113332',26.09,1,131,CAST('2020-03-13 00:00:00.000' AS DATETIME),'JOCT00503200002',NULL,NULL,3.91,0,CAST('2020-03-05 00:00:00.000' AS DATETIME),NULL,NULL,235437,NULL,NULL,NULL,0,NULL,NULL,NULL)
,(308005,'',278883,'10113333',1,'10113333',4.35,1,131,CAST('2020-03-13 00:00:00.000' AS DATETIME),'JOCT00503200002',NULL,NULL,0.65,0,CAST('2020-03-05 00:00:00.000' AS DATETIME),NULL,NULL,235440,NULL,NULL,NULL,0,NULL,NULL,NULL)
,(308006,'',278883,'10113334',1,'10113334',4.35,1,131,CAST('2020-03-13 00:00:00.000' AS DATETIME),'JOCT00503200002',NULL,NULL,0.65,0,CAST('2020-03-05 00:00:00.000' AS DATETIME),NULL,NULL,235440,NULL,NULL,NULL,0,NULL,NULL,NULL)
,(308007,'',278883,'10113335',1,'10113335',4.35,1,131,CAST('2020-03-13 00:00:00.000' AS DATETIME),'JOCT00503200002',NULL,NULL,0.65,0,CAST('2020-03-05 00:00:00.000' AS DATETIME),NULL,NULL,235440,NULL,NULL,NULL,0,NULL,NULL,NULL)
,(308008,'',278884,'10113336',1,'10113336',2.17,1,131,CAST('2020-03-13 00:00:00.000' AS DATETIME),'JOCT00503200002',NULL,NULL,0.33,0,CAST('2020-03-05 00:00:00.000' AS DATETIME),NULL,NULL,235441,NULL,NULL,NULL,0,NULL,NULL,NULL)
,(308009,'',278885,'10113337',1,'10113337',2.17,1,131,CAST('2020-03-13 00:00:00.000' AS DATETIME),'JOCT00503200002',NULL,NULL,0.33,0,CAST('2020-03-05 00:00:00.000' AS DATETIME),NULL,NULL,235442,NULL,NULL,NULL,0,NULL,NULL,NULL)
,(308010,'',278886,'10113338',1,'10113338',8.70,1,131,CAST('2020-03-13 00:00:00.000' AS DATETIME),'JOCT00503200002',NULL,NULL,1.30,0,CAST('2020-03-05 00:00:00.000' AS DATETIME),NULL,NULL,235443,NULL,NULL,NULL,0,NULL,NULL,NULL)
,(308011,'',278887,'10113339',1,'10113339',2.17,1,131,CAST('2020-03-13 00:00:00.000' AS DATETIME),'JOCT00503200002',NULL,NULL,0.33,0,CAST('2020-03-05 00:00:00.000' AS DATETIME),NULL,NULL,235444,NULL,NULL,NULL,0,NULL,NULL,NULL)
,(308012,'',278887,'10113340',1,'10113340',2.17,1,131,CAST('2020-03-13 00:00:00.000' AS DATETIME),'JOCT00503200002',NULL,NULL,0.33,0,CAST('2020-03-05 00:00:00.000' AS DATETIME),NULL,NULL,235444,NULL,NULL,NULL,0,NULL,NULL,NULL)
,(308013,'',278887,'10113341',1,'10113341',2.17,1,131,CAST('2020-03-13 00:00:00.000' AS DATETIME),'JOCT00503200002',NULL,NULL,0.33,0,CAST('2020-03-05 00:00:00.000' AS DATETIME),NULL,NULL,235444,NULL,NULL,NULL,0,NULL,NULL,NULL)
,(308014,'',278887,'10113342',1,'10113342',2.17,1,131,CAST('2020-03-13 00:00:00.000' AS DATETIME),'JOCT00503200002',NULL,NULL,0.33,0,CAST('2020-03-05 00:00:00.000' AS DATETIME),NULL,NULL,235444,NULL,NULL,NULL,0,NULL,NULL,NULL)
SET IDENTITY_INSERT [dbo].[Stock_Item] OFF

ENABLE Trigger ALL ON Stock_Item

/******Stock_Item - END*****/

/******Stock_Movement - START*****/

DISABLE Trigger ALL ON Stock_Movement

SET IDENTITY_INSERT [dbo].[Stock_Movement] ON

INSERT INTO [dbo].[Stock_Movement]

([Stock_Movement_ID],[Movement_Date],[Item_Stock_Type_ID],[Stock_In],[Stock_Out],[Source_Document_ID],[Source_Document_Type_ID],[Reason],[Notes],[System_User_ID],[Stock_Holding_Group_ID],[Product_ID],[Store_ID],[Stock_Item_ID],[Prev_Count_Val],[New_Count_Val]) VALUES

(1636029,CAST('2020-03-05 09:27:49.600' AS DATETIME),1,1,0,281569,1,'Buyshop automatic stock creation',NULL,459215,1,278876,131,307998,0,1)
,(1636030,CAST('2020-03-05 09:27:50.023' AS DATETIME),1,1,0,281569,1,'Buyshop automatic stock creation',NULL,459215,1,278877,131,307999,0,1)
,(1636031,CAST('2020-03-05 09:35:03.940' AS DATETIME),1,1,0,281565,1,'Buyshop automatic stock creation',NULL,459256,1,278878,131,308000,0,1)
,(1636032,CAST('2020-03-05 09:42:46.977' AS DATETIME),4,0,1,29555,17,'Lay_Bye Contract Collected','',459201,5,278611,131,307891,1,0)
,(1636033,CAST('2020-03-05 09:42:47.173' AS DATETIME),4,1,0,29555,17,'Lay_Bye Contract Collected','',459201,8,278611,131,307891,0,1)
,(1636034,CAST('2020-03-05 09:43:57.727' AS DATETIME),4,0,1,293740,7,'','',459201,2,179558,131,220555,5,4)
,(1636035,CAST('2020-03-05 09:43:59.130' AS DATETIME),4,1,0,293740,7,'','',459201,8,179558,131,220555,72,73)
,(1636036,CAST('2020-03-05 09:49:19.137' AS DATETIME),3,1,0,281566,1,'Buyshop automatic stock creation',NULL,459273,1,278882,131,308001,0,1)
,(1636037,CAST('2020-03-05 09:49:51.693' AS DATETIME),3,1,0,281570,1,'Buyshop automatic stock creation',NULL,459256,1,278881,131,308002,0,1)
,(1636038,CAST('2020-03-05 09:51:49.573' AS DATETIME),1,1,0,281571,1,'Buyshop automatic stock creation',NULL,459215,1,278879,131,308003,0,1)
,(1636039,CAST('2020-03-05 09:51:49.607' AS DATETIME),1,1,0,281571,1,'Buyshop automatic stock creation',NULL,459215,1,278880,131,308004,0,1)
,(1636040,CAST('2020-03-05 09:51:49.640' AS DATETIME),1,1,0,281571,1,'Buyshop automatic stock creation',NULL,459215,1,278883,131,308005,0,1)
,(1636041,CAST('2020-03-05 09:51:49.673' AS DATETIME),1,1,0,281571,1,'Buyshop automatic stock creation',NULL,459215,1,278883,131,308006,0,1)
,(1636042,CAST('2020-03-05 09:51:49.707' AS DATETIME),1,1,0,281571,1,'Buyshop automatic stock creation',NULL,459215,1,278883,131,308007,0,1)
,(1636043,CAST('2020-03-05 09:51:49.740' AS DATETIME),1,1,0,281571,1,'Buyshop automatic stock creation',NULL,459215,1,278884,131,308008,0,1)
,(1636044,CAST('2020-03-05 09:51:49.773' AS DATETIME),1,1,0,281571,1,'Buyshop automatic stock creation',NULL,459215,1,278885,131,308009,0,1)
,(1636045,CAST('2020-03-05 09:51:49.807' AS DATETIME),1,1,0,281571,1,'Buyshop automatic stock creation',NULL,459215,1,278886,131,308010,0,1)
,(1636046,CAST('2020-03-05 09:51:49.840' AS DATETIME),1,1,0,281571,1,'Buyshop automatic stock creation',NULL,459215,1,278887,131,308011,0,1)
,(1636047,CAST('2020-03-05 09:51:49.877' AS DATETIME),1,1,0,281571,1,'Buyshop automatic stock creation',NULL,459215,1,278887,131,308012,0,1)
,(1636048,CAST('2020-03-05 09:51:49.910' AS DATETIME),1,1,0,281571,1,'Buyshop automatic stock creation',NULL,459215,1,278887,131,308013,0,1)
,(1636049,CAST('2020-03-05 09:51:49.940' AS DATETIME),1,1,0,281571,1,'Buyshop automatic stock creation',NULL,459215,1,278887,131,308014,0,1)
,(1636050,CAST('2020-03-05 09:58:27.193' AS DATETIME),4,0,1,2,23,'Stock status move to repair store. ',' ',459149,2,278611,131,307728,4,3)
,(1636051,CAST('2020-03-05 09:58:27.367' AS DATETIME),4,1,0,2,23,'Stock status move to repair store. ',' ',459149,3,278611,131,307728,0,1)
SET IDENTITY_INSERT [dbo].[Stock_Movement] OFF

ENABLE Trigger ALL ON Stock_Movement

/******Stock_Movement - END*****/

